{
  "AW": [
    12.52111,
    -69.968338,
    "Aruba",
    "Need for TIA"
  ],
  "AF": [
    33.93911,
    67.709953,
    "Afghanistan",
    "Need for TIA"
  ],
  "AO": [
    -11.202692,
    17.873887,
    "Angola",
    "Need for TIA"
  ],
  "AI": [
    18.220554,
    -63.068615,
    "Anguilla",
    "Need for TIA"
  ],
  "AX": [
    60.1785,
    19.9156,
    "\u00c5land Islands",
    "Need for TIA"
  ],
  "AL": [
    41.153332,
    20.168331,
    "Albania",
    "Need for TIA"
  ],
  "AD": [
    42.546245,
    1.601554,
    "Andorra",
    "Adequacy decision"
  ],
  "AE": [
    23.424076,
    53.847818,
    "United Arab Emirates",
    "Need for TIA"
  ],
  "AR": [
    -38.416097,
    -63.616672,
    "Argentina",
    "Adequacy decision"
  ],
  "AM": [
    40.069099,
    45.038189,
    "Armenia",
    "Need for TIA"
  ],
  "AS": [
    -14.270972,
    -170.132217,
    "American Samoa",
    "Need for TIA"
  ],
  "AQ": [
    -75.250973,
    -0.071389,
    "Antarctica",
    "Need for TIA"
  ],
  "TF": [
    -49.28,
    69.34,
    "French Southern Territories",
    "Need for TIA"
  ],
  "AG": [
    17.060816,
    -61.796428,
    "Antigua and Barbuda",
    "Need for TIA"
  ],
  "AU": [
    -25.274398,
    133.775136,
    "Australia",
    "Need for TIA"
  ],
  "AT": [
    47.516231,
    14.550072,
    "Austria",
    "EU"
  ],
  "AZ": [
    40.143105,
    47.576927,
    "Azerbaijan",
    "Need for TIA"
  ],
  "BI": [
    -3.373056,
    29.918886,
    "Burundi",
    "Need for TIA"
  ],
  "BE": [
    50.503887,
    4.469936,
    "Belgium",
    "EU"
  ],
  "BJ": [
    9.30769,
    2.315834,
    "Benin",
    "Need for TIA"
  ],
  "BQ": [
    12.1784,
    -68.2385,
    "Bonaire, Sint Eustatius and Saba",
    "Need for TIA"
  ],
  "BF": [
    12.238333,
    -1.561593,
    "Burkina Faso",
    "Need for TIA"
  ],
  "BD": [
    23.684994,
    90.356331,
    "Bangladesh",
    "Need for TIA"
  ],
  "BG": [
    42.733883,
    25.48583,
    "Bulgaria",
    "EU"
  ],
  "BH": [
    25.930414,
    50.637772,
    "Bahrain",
    "Need for TIA"
  ],
  "BS": [
    25.03428,
    -77.39628,
    "Bahamas",
    "Need for TIA"
  ],
  "BA": [
    43.915886,
    17.679076,
    "Bosnia and Herzegovina",
    "Need for TIA"
  ],
  "BL": [
    17.9000,
    -62.8333,
    "Saint Barth\u00e9lemy",
    "Need for TIA"
  ],
  "BY": [
    53.709807,
    27.953389,
    "Belarus",
    "Need for TIA"
  ],
  "BZ": [
    17.189877,
    -88.49765,
    "Belize",
    "Need for TIA"
  ],
  "BM": [
    32.321384,
    -64.75737,
    "Bermuda",
    "Need for TIA"
  ],
  "BO": [
    -16.290154,
    -63.588653,
    "Bolivia, Plurinational State of",
    "Need for TIA"
  ],
  "BR": [
    -14.235004,
    -51.92528,
    "Brazil",
    "Adequacy decision"
  ],
  "BB": [
    13.193887,
    -59.543198,
    "Barbados",
    "Need for TIA"
  ],
  "BN": [
    4.535277,
    114.727669,
    "Brunei Darussalam",
    "Need for TIA"
  ],
  "BT": [
    27.514162,
    90.433601,
    "Bhutan",
    "Need for TIA"
  ],
  "BV": [
    -54.4232,
    3.3464,
    "Bouvet Island",
    "Need for TIA"
  ],
  "BW": [
    -22.328474,
    24.684866,
    "Botswana",
    "Need for TIA"
  ],
  "CF": [
    6.6111,
    20.9394,
    "Central African Republic",
    "Need for TIA"
  ],
  "CA": [
    56.130366,
    -106.346771,
    "Canada",
    "Adequacy decision"
  ],
  "CC": [
    -12.1642,
    96.8710,
    "Cocos (Keeling) Islands",
    "Need for TIA"
  ],
  "CH": [
    46.818188,
    8.227512,
    "Switzerland",
    "Adequacy decision"
  ],
  "CL": [
    -35.6751,
    -71.5430,
    "Chile",
    "Need for TIA"
  ],
  "CN": [
    35.8617,
    104.1954,
    "China",
    "Need for TIA"
  ],
  "CI": [
    7.5400,
    -5.5471,
    "C\u00f4te d'Ivoire",
    "Need for TIA"
  ],
  "CM": [
    7.3697,
    12.3547,
    "Cameroon",
    "Need for TIA"
  ],
  "CD": [
    -4.0383,
    21.7587,
    "Congo, The Democratic Republic of the",
    "Need for TIA"
  ],
  "CG": [
    -0.2280,
    15.8277,
    "Congo",
    "Need for TIA"
  ],
  "CK": [
    -21.2367,
    -159.7777,
    "Cook Islands",
    "Need for TIA"
  ],
  "CO": [
    4.5709,
    -74.2973,
    "Colombia",
    "Need for TIA"
  ],
  "KM": [
    -11.6455,
    43.3333,
    "Comoros",
    "Need for TIA"
  ],
  "CV": [
    16.0020,
    -24.0131,
    "Cabo Verde",
    "Need for TIA"
  ],
  "CR": [
    9.7489,
    -83.7534,
    "Costa Rica",
    "Need for TIA"
  ],
  "CU": [
    21.5218,
    -77.7812,
    "Cuba",
    "Need for TIA"
  ],
  "CW": [
    12.1696,
    -68.9900,
    "Cura\u00e7ao",
    "Need for TIA"
  ],
  "CX": [
    -10.4475,
    105.6904,
    "Christmas Island",
    "Need for TIA"
  ],
  "KY": [
    19.3133,
    -81.2546,
    "Cayman Islands",
    "Need for TIA"
  ],
  "CY": [
    35.1264,
    33.4299,
    "Cyprus",
    "EU"
  ],
  "CZ": [
    49.8175,
    15.4730,
    "Czechia",
    "EU"
  ],
  "DE": [
    51.1657,
    10.4515,
    "Germany",
    "EU"
  ],
  "DJ": [
    11.8251,
    42.5903,
    "Djibouti",
    "Need for TIA"
  ],
  "DM": [
    15.4150,
    -61.3710,
    "Dominica",
    "Need for TIA"
  ],
  "DK": [
    56.2639,
    9.5018,
    "Denmark",
    "EU"
  ],
  "DO": [
    18.7357,
    -70.1627,
    "Dominican Republic",
    "Need for TIA"
  ],
  "DZ": [
    28.0339,
    1.6596,
    "Algeria",
    "Need for TIA"
  ],
  "EC": [
    -1.8312,
    -78.1834,
    "Ecuador",
    "Need for TIA"
  ],
  "EG": [
    26.8206,
    30.8025,
    "Egypt",
    "Need for TIA"
  ],
  "ER": [
    15.1794,
    39.7823,
    "Eritrea",
    "Need for TIA"
  ],
  "EH": [
    24.2155,
    -12.8858,
    "Western Sahara",
    "Need for TIA"
  ],
  "ES": [
    40.4637,
    -3.7492,
    "Spain",
    "EU"
  ],
  "EE": [
    58.5953,
    25.0136,
    "Estonia",
    "EU"
  ],
  "ET": [
    9.1450,
    40.4897,
    "Ethiopia",
    "Need for TIA"
  ],
  "FI": [
    61.9241,
    25.7482,
    "Finland",
    "EU"
  ],
  "FJ": [
    -17.7134,
    178.0650,
    "Fiji",
    "Need for TIA"
  ],
  "FK": [
    -51.7963,
    -59.5236,
    "Falkland Islands (Malvinas)",
    "Need for TIA"
  ],
  "FR": [
    46.2276,
    2.2137,
    "France",
    "EU"
  ],
  "FO": [
    61.8926,
    -6.9118,
    "Faroe Islands",
    "Need for TIA"
  ],
  "FM": [
    7.4256,
    150.5508,
    "Micronesia, Federated States of",
    "Need for TIA"
  ],
  "GA": [
    -0.8037,
    11.6094,
    "Gabon",
    "Need for TIA"
  ],
  "GB": [
    55.378051,
    -3.435973,
    "United Kingdom",
    "Adequacy decision"
  ],
  "GE": [
    42.3154,
    43.3569,
    "Georgia",
    "Need for TIA"
  ],
  "GG": [
    49.4657,
    -2.5853,
    "Guernsey",
    "Need for TIA"
  ],
  "GH": [
    7.9465,
    -1.0232,
    "Ghana",
    "Need for TIA"
  ],
  "GI": [
    36.1408,
    -5.3536,
    "Gibraltar",
    "Need for TIA"
  ],
  "GN": [
    9.9456,
    -9.6966,
    "Guinea",
    "Need for TIA"
  ],
  "GP": [
    16.2650,
    -61.5510,
    "Guadeloupe",
    "Need for TIA"
  ],
  "GM": [
    13.4432,
    -15.3101,
    "Gambia",
    "Need for TIA"
  ],
  "GW": [
    11.8037,
    -15.1804,
    "Guinea-Bissau",
    "Need for TIA"
  ],
  "GQ": [
    1.6508,
    10.2679,
    "Equatorial Guinea",
    "Need for TIA"
  ],
  "GR": [
    39.0742,
    21.8243,
    "Greece",
    "EU"
  ],
  "GD": [
    12.1165,
    -61.6790,
    "Grenada",
    "Need for TIA"
  ],
  "GL": [
    71.7069,
    -42.6043,
    "Greenland",
    "Need for TIA"
  ],
  "GT": [
    15.7835,
    -90.2308,
    "Guatemala",
    "Need for TIA"
  ],
  "GF": [
    3.9339,
    -53.1258,
    "French Guiana",
    "Need for TIA"
  ],
  "GU": [
    13.4443,
    144.7937,
    "Guam",
    "Need for TIA"
  ],
  "GY": [
    4.8604,
    -58.9302,
    "Guyana",
    "Need for TIA"
  ],
  "HK": [
    22.3964,
    114.1095,
    "Hong Kong",
    "Need for TIA"
  ],
  "HM": [
    -53.0818,
    73.5042,
    "Heard Island and McDonald Islands",
    "Need for TIA"
  ],
  "HN": [
    15.2000,
    -86.2419,
    "Honduras",
    "Need for TIA"
  ],
  "HR": [
    45.1,
    15.2,
    "Croatia",
    "EU"
  ],